Id;Time;Time_year;Species;Gear;Catch;Unit
NJ0221P20;Historical;1991;Mugilidae;Fence;7;number
NJ0221P20;Historical;1991;Scaridae;Fence;6;number
NJ0221P20;Current;2021;Mugilidae;Fence;3;number
NJ0221P20;Current;2021;Scaridae;Fence;4;number
NJ0221P19;Historical;1991;Diodontidae;Spear;6;number
NJ0221P19;Historical;1991;Ray;Spear;6;number
NJ0221P19;Historical;1991;Balistidae;Spear;7;number
NJ0221P19;Historical;1991;Squids;Spear;8;number
NJ0221P19;Historical;1991;Anguilliformes;Spear;6;number
NJ0221P19;Historical;1991;Octopus;Spear;12;number
NJ0221P19;Current;2021;Diodontidae;Spear;4;number
NJ0221P19;Current;2021;Ray;Spear;2;number
NJ0221P19;Current;2021;Balistidae;Spear;3;number
NJ0221P19;Current;2021;Squids;Spear;6;number
NJ0221P19;Current;2021;Anguilliformes;Spear;3;number
NJ0221P19;Current;2021;Octopus;Spear;6;number
NJ0221P18;Historical;1991;Mullidae;Handline;35;number
NJ0221P18;Historical;1991;Lutjanidae;Handline;27;number
NJ0221P18;Historical;1991;Balistidae;Handline;9;number
NJ0221P18;Historical;1991;Scaridae;Handline;32;number
NJ0221P18;Historical;1991;Serranidae;Handline;15;number
NJ0221P18;Historical;1991;Siganus_sutor;Handline;25;number
NJ0221P18;Historical;1991;Lethrinidae;Handline;35;number
NJ0221P18;Current;2021;Mullidae;Handline;15;number
NJ0221P18;Current;2021;Lutjanidae;Handline;12;number
NJ0221P18;Current;2021;Balistidae;Handline;5;number
NJ0221P18;Current;2021;Scaridae;Handline;14;number
NJ0221P18;Current;2021;Serranidae;Handline;5;number
NJ0221P18;Current;2021;Siganus_sutor;Handline;15;number
NJ0221P18;Current;2021;Lethrinidae;Handline;20;number
NJ0221P17;Historical;1971;Serranidae;Trap;30;number
NJ0221P17;Historical;1971;Labridae;Trap;26;number
NJ0221P17;Historical;1971;Scaridae;Trap;46;number
NJ0221P17;Historical;1971;Mullidae;Trap;30;number
NJ0221P17;Historical;1971;Lethrinidae;Trap;35;number
NJ0221P17;Historical;1971;Siganus_sutor;Trap;25;number
NJ0221P17;Current;2021;Serranidae;Trap;12;number
NJ0221P17;Current;2021;Labridae;Trap;12;number
NJ0221P17;Current;2021;Scaridae;Trap;24;number
NJ0221P17;Current;2021;Mullidae;Trap;23;number
NJ0221P17;Current;2021;Lethrinidae;Trap;18;number
NJ0221P17;Current;2021;Siganus_sutor;Trap;16;number
NJ0221P16;Historical;1996;Mullidae;Trap;50;number
NJ0221P16;Historical;1996;Labridae;Trap;30;number
NJ0221P16;Historical;1996;Serranidae;Trap;7;number
NJ0221P16;Historical;1996;Siganus_sutor;Trap;8;number
NJ0221P16;Historical;1996;Mullidae;Trap;10;number
NJ0221P16;Historical;1996;Lethrinus_variegatus;Trap;6;number
NJ0221P16;Historical;1996;Lethrinus_mahsena;Trap;4;number
NJ0221P16;Historical;1996;Lethrinidae;Trap;5;number
NJ0221P16;Historical;1996;Labridae;Trap;8;number
NJ0221P16;Historical;1996;Scaridae;Trap;15;number
NJ0221P16;Current;2021;Mullidae;Trap;26;number
NJ0221P16;Current;2021;Labridae;Trap;13;number
NJ0221P16;Current;2021;Serranidae;Trap;3;number
NJ0221P16;Current;2021;Siganus_sutor;Trap;6;number
NJ0221P16;Current;2021;Mullidae;Trap;6;number
NJ0221P16;Current;2021;Lethrinus_variegatus;Trap;3;number
NJ0221P16;Current;2021;Lethrinus_mahsena;Trap;2;number
NJ0221P16;Current;2021;Lethrinidae;Trap;3;number
NJ0221P16;Current;2021;Labridae;Trap;5;number
NJ0221P16;Current;2021;Scaridae;Trap;8;number
NJ0220M15;Historical;2011;Crabs_Lobsters;FootFisher;15;number
NJ0220M15;Historical;2011;Snails;FootFisher;2;bucket
NJ0220M15;Historical;2011;Bivalves;FootFisher;2;bucket
NJ0220M15;Current;2021;Crabs_Lobsters;FootFisher;10;number
NJ0220M15;Current;2021;Snails;FootFisher;1;bucket
NJ0220M15;Current;2021;Bivalves;FootFisher;1;bucket
NJ0220M14;Historical;2011;Yellowfin_tuna;Floatnet;7;number
NJ0220M14;Historical;2011;Scomberomorus_commerson;Floatnet;10;number
NJ0220M14;Historical;2011;Mullidae;Floatnet;28;number
NJ0220M14;Historical;2011;Istiophoridae;Floatnet;4;number
NJ0220M14;Historical;2011;Scaridae;Floatnet;28;number
NJ0220M14;Historical;2011;Skipjack_tuna;Floatnet;4;number
NJ0220M14;Current;2021;Yellowfin_tuna;Floatnet;5;number
NJ0220M14;Current;2021;Scomberomorus_commerson;Floatnet;8;number
NJ0220M14;Current;2021;Mullidae;Floatnet;22;number
NJ0220M14;Current;2021;Istiophoridae;Floatnet;2;number
NJ0220M14;Current;2021;Scaridae;Floatnet;20;number
NJ0220M14;Current;2021;Skipjack_tuna;Floatnet;2;number
NJ0220M13;Historical;2010;Lethrinus_borbonicus;Trap;18;number
NJ0220M13;Historical;2010;Scarus_ghobban;Trap;15;number
NJ0220M13;Historical;2010;Lethrinus_mahsena;Trap;26;number
NJ0220M13;Historical;2010;Lethrinus_lentjan;Trap;24;number
NJ0220M13;Historical;2010;Mullidae;Trap;30;number
NJ0220M13;Historical;2010;Siganus_sutor;Trap;25;number
NJ0220M13;Current;2021;Lethrinus_borbonicus;Trap;15;number
NJ0220M13;Current;2021;Scarus_ghobban;Trap;20;number
NJ0220M13;Current;2021;Lethrinus_mahsena;Trap;20;number
NJ0220M13;Current;2021;Lethrinus_lentjan;Trap;25;number
NJ0220M13;Current;2021;Mullidae;Trap;25;number
NJ0220M13;Current;2021;Siganus_sutor;Trap;20;number
NJ0220M12;Historical;1991;Siganus_sutor;Trap;17;number
NJ0220M12;Historical;1991;Lethrinus_mahsena;Trap;14;number
NJ0220M12;Historical;1991;Lethrinus_variegatus;Trap;12;number
NJ0220M12;Historical;1991;Lethrinus_harak;Trap;24;number
NJ0220M12;Historical;1991;Lethrinus_borbonicus;Trap;22;number
NJ0220M12;Historical;1991;Mullidae;Trap;27;number
NJ0220M12;Historical;1991;Scaridae;Trap;25;number
NJ0220M12;Current;2021;Siganus_sutor;Trap;15;number
NJ0220M12;Current;2021;Lethrinus_mahsena;Trap;10;number
NJ0220M12;Current;2021;Lethrinus_variegatus;Trap;10;number
NJ0220M12;Current;2021;Lethrinus_harak;Trap;10;number
NJ0220M12;Current;2021;Lethrinus_borbonicus;Trap;20;number
NJ0220M12;Current;2021;Mullidae;Trap;25;number
NJ0220M12;Current;2021;Scaridae;Trap;21;number
NJ0220M11;Historical;2015;Lutjanus_argentimaculatus;Longline;7;number
NJ0220M11;Historical;2015;Lutjanus_sebae;Longline;10;number
NJ0220M11;Historical;2015;Rachycentridae;Longline;12;number
NJ0220M11;Historical;2015;Serranidae;Longline;7;number
NJ0220M11;Historical;2015;Lethrinidae;Longline;6;number
NJ0220M11;Current;2021;Lutjanus_argentimaculatus;Longline;7;number
NJ0220M11;Current;2021;Lutjanus_sebae;Longline;8;number
NJ0220M11;Current;2021;Rachycentridae;Longline;10;number
NJ0220M11;Current;2021;Serranidae;Longline;5;number
NJ0220M11;Current;2021;Lethrinidae;Longline;4;number
NJ0220M11;Current;2021;Carangidae;Longline;14;number
NJ0214C10;Historical;2006;Scaridae;Gillnet;10;number
NJ0214C10;Historical;2006;Mullidae;Gillnet;15;number
NJ0214C10;Historical;2006;Lethrinidae;Gillnet;10;number
NJ0214C10;Historical;2006;Shark;Gillnet;7;number
NJ0214C10;Historical;2006;Istiophoridae;Gillnet;10;number
NJ0214C10;Historical;2006;Kingfish;Gillnet;9;number
NJ0214C10;Historical;2006;Tuna;Gillnet;7;number
NJ0214C10;Historical;2006;Istiophoridae;Gillnet;8;number
NJ0214C10;Current;2021;Scaridae;Gillnet;7;number
NJ0214C10;Current;2021;Mullidae;Gillnet;6;number
NJ0214C10;Current;2021;Lethrinidae;Gillnet;9;number
NJ0214C10;Current;2021;Shark;Gillnet;4;number
NJ0214C10;Current;2021;Istiophoridae;Gillnet;10;number
NJ0214C10;Current;2021;Kingfish;Gillnet;5;number
NJ0214C10;Current;2021;Tuna;Gillnet;8;number
NJ0214C10;Current;2021;Istiophoridae;Gillnet;8;number
NJ0214C9;Historical;2001;Carangidae;Longline;18;number
NJ0214C9;Historical;2001;Lutjanus_argentimaculatus;Longline;9;number
NJ0214C9;Historical;2001;Rachycentridae;Longline;12;number
NJ0214C9;Historical;2001;Serranidae;Longline;12;number
NJ0214C9;Historical;2001;Lethrinidae;Longline;25;number
NJ0214C9;Current;2021;Carangidae;Longline;15;number
NJ0214C9;Current;2021;Lutjanus_argentimaculatus;Longline;6;number
NJ0214C9;Current;2021;Rachycentridae;Longline;7;number
NJ0214C9;Current;2021;Serranidae;Longline;5;number
NJ0214C9;Current;2021;Lethrinidae;Longline;6;number
NJ0214C8;Historical;2006;Mullidae;Spear;4;rope
NJ0214C8;Historical;2006;Anguilliformes;Spear;7;rope
NJ0214C8;Historical;2006;Squids;Spear;10;number
NJ0214C8;Historical;2006;Octopus;Spear;12;number
NJ0214C8;Current;2021;Mullidae;Spear;2;rope
NJ0214C8;Current;2021;Anguilliformes;Spear;3;rope
NJ0214C8;Current;2021;Squids;Spear;10;number
NJ0214C8;Current;2021;Octopus;Spear;10;number
NJ0214C7;Historical;2016;Snails;FootFisher;4;bucket
NJ0214C7;Historical;2016;Crabs_Lobsters;FootFisher;15;number
NJ0214C7;Historical;2016;Squids;FootFisher;12;number
NJ0214C7;Historical;2016;Octopus;FootFisher;4;rope
NJ0214C7;Current;2021;Snails;FootFisher;2;bucket
NJ0214C7;Current;2021;Crabs_Lobsters;FootFisher;10;number
NJ0214C7;Current;2021;Squids;FootFisher;7;number
NJ0214C7;Current;2021;Octopus;FootFisher;7;number
NJ0214C6;Historical;2006;Snails;FootFisher;5;bucket
NJ0214C6;Historical;2006;Crabs_Lobsters;FootFisher;20;number
NJ0214C6;Historical;2006;Squids;FootFisher;10;number
NJ0214C6;Historical;2006;Octopus;FootFisher;4;rope
NJ0214C6;Current;2021;Snails;FootFisher;2;bucket
NJ0214C6;Current;2021;Crabs_Lobsters;FootFisher;10;number
NJ0214C6;Current;2021;Squids;FootFisher;7;number
NJ0214C6;Current;2021;Octopus;FootFisher;0.5;rope
NJ0213U5;Historical;1986;Plotosidae;Spear;30;number
NJ0213U5;Historical;1986;Crabs_Lobsters;Spear;15;number
NJ0213U5;Historical;1986;Octopus;Spear;5;rope
NJ0213U5;Current;2021;Plotosidae;Spear;20;number
NJ0213U5;Current;2021;Crabs_Lobsters;Spear;10;number
NJ0213U5;Current;2021;Octopus;Spear;4;rope
NJ0213U4;Historical;2011;Snails;FootFisher;4;bucket
NJ0213U4;Historical;2011;Crabs_Lobsters;FootFisher;15;number
NJ0213U4;Historical;2011;Anguilliformes;FootFisher;10;number
NJ0213U4;Historical;2011;Octopus;FootFisher;10;number
NJ0213U4;Current;2021;Snails;FootFisher;2;bucket
NJ0213U4;Current;2021;Crabs_Lobsters;FootFisher;10;number
NJ0213U4;Current;2021;Anguilliformes;FootFisher;5;number
NJ0213U4;Current;2021;Octopus;FootFisher;6;number
NJ0213U3;Historical;2006;Siganus_sutor;Handline;150;number
NJ0213U3;Historical;2006;Scarus_ghobban;Handline;100;number
NJ0213U3;Historical;2006;Hipposcarus_harid;Handline;50;number
NJ0213U3;Historical;2006;Leptoscarus_vaigiensis;Handline;300;number
NJ0213U3;Current;2021;Siganus_sutor;Handline;30;number
NJ0213U3;Current;2021;Scarus_ghobban;Handline;90;number
NJ0213U3;Current;2021;Hipposcarus_harid;Handline;30;number
NJ0213U3;Current;2021;Leptoscarus_vaigiensis;Handline;50;number
NJ0213U2;Historical;1961;Scarus_ghobban;Trap;300;number
NJ0213U2;Historical;1961;Mullidae;Trap;150;number
NJ0213U2;Historical;1961;Siganus_sutor;Trap;400;number
NJ0213U2;Current;2021;Scarus_ghobban;Trap;100;number
NJ0213U2;Current;2021;Mullidae;Trap;50;number
NJ0213U2;Current;2021;Siganus_sutor;Trap;200;number
NJ0213U1;Historical;2009;Acanthurus_spp;Spear;4;kg
NJ0213U1;Historical;2009;Scarus_ghobban;Spear;10;kg
NJ0213U1;Historical;2009;Mullidae;Spear;9;kg
NJ0213U1;Historical;2009;Anguilliformes;Spear;12;kg
NJ0213U1;Historical;2009;Squids;Spear;30;kg
NJ0213U1;Historical;2009;Octopus;Spear;30;kg
NJ0213U1;Current;2021;Acanthurus_spp;Spear;1;kg
NJ0213U1;Current;2021;Scarus_ghobban;Spear;4;kg
NJ0213U1;Current;2021;Mullidae;Spear;3;kg
NJ0213U1;Current;2021;Anguilliformes;Spear;5;kg
NJ0213U1;Current;2021;Squids;Spear;28;kg
NJ0213U1;Current;2021;Octopus;Spear;11;kg
HK0221P20;Historical;1996;Siganus_sutor;Spear;9;number
HK0221P20;Historical;1996;Octopus;Spear;25;number
HK0221P20;Historical;1996;Ray;Spear;13;number
HK0221P20;Historical;1996;Anguilliformes;Spear;16;number
HK0221P20;Historical;1996;Rhinobatidae;Spear;8;number
HK0221P20;Historical;1996;Acanthurus_spp;Spear;14;number
HK0221P20;Historical;1996;Diodontidae;Spear;15;number
HK0221P20;Historical;1996;Serranidae;Spear;13;number
HK0221P20;Historical;1996;Balistidae;Spear;11;number
HK0221P20;Current;2021;Siganus_sutor;Spear;2;number
HK0221P20;Current;2021;Octopus;Spear;7;number
HK0221P20;Current;2021;Ray;Spear;2;number
HK0221P20;Current;2021;Anguilliformes;Spear;5;number
HK0221P20;Current;2021;Rhinobatidae;Spear;2;number
HK0221P20;Current;2021;Acanthurus_spp;Spear;3;number
HK0221P20;Current;2021;Diodontidae;Spear;4;number
HK0221P20;Current;2021;Serranidae;Spear;2;number
HK0221P20;Current;2021;Balistidae;Spear;3;number
HK0221P19;Historical;1991;Cheilio_inermis;Handline;10;number
HK0221P19;Historical;1991;Serranidae;Handline;8;number
HK0221P19;Historical;1991;Lutjanus_fulviflamma;Handline;35;number
HK0221P19;Historical;1991;Lethrinus_harak;Handline;13;number
HK0221P19;Historical;1991;Lethrinus_lentjan;Handline;16;number
HK0221P19;Historical;1991;Lethrinus_mahsena;Handline;18;number
HK0221P19;Historical;1991;Scaridae;Handline;33;number
HK0221P19;Historical;1991;Mullidae;Handline;37;number
HK0221P19;Historical;1991;Siganus_sutor;Handline;26;number
HK0221P19;Current;2021;Cheilio_inermis;Handline;3;number
HK0221P19;Current;2021;Serranidae;Handline;2;number
HK0221P19;Current;2021;Lutjanus_fulviflamma;Handline;16;number
HK0221P19;Current;2021;Lethrinus_harak;Handline;5;number
HK0221P19;Current;2021;Lethrinus_lentjan;Handline;7;number
HK0221P19;Current;2021;Lethrinus_mahsena;Handline;8;number
HK0221P19;Current;2021;Scaridae;Handline;13;number
HK0221P19;Current;2021;Mullidae;Handline;16;number
HK0221P19;Current;2021;Siganus_sutor;Handline;14;number
HK0221P18;Historical;1986;Cheilio_inermis;Handline;33;number
HK0221P18;Historical;1986;Serranidae;Handline;16;number
HK0221P18;Historical;1986;Siganus_sutor;Handline;43;number
HK0221P18;Historical;1986;Lethrinus_harak;Handline;53;number
HK0221P18;Historical;1986;Lethrinus_lentjan;Handline;48;number
HK0221P18;Historical;1986;Lethrinus_mahsena;Handline;39;number
HK0221P18;Current;2021;Cheilio_inermis;Handline;14;number
HK0221P18;Current;2021;Serranidae;Handline;4;number
HK0221P18;Current;2021;Siganus_sutor;Handline;12;number
HK0221P18;Current;2021;Lethrinus_harak;Handline;24;number
HK0221P18;Current;2021;Lethrinus_lentjan;Handline;32;number
HK0221P18;Current;2021;Lethrinus_mahsena;Handline;27;number
HK0221P17;Historical;1981;Lutjanidae;Handline;32;number
HK0221P17;Historical;1981;Balistidae;Handline;16;number
HK0221P17;Historical;1981;Scaridae;Handline;40;number
HK0221P17;Historical;1981;Serranidae;Handline;14;number
HK0221P17;Historical;1981;Siganus_sutor;Handline;28;number
HK0221P17;Historical;1981;Lethrinidae;Handline;42;number
HK0221P17;Current;2021;Lutjanidae;Handline;12;number
HK0221P17;Current;2021;Balistidae;Handline;4;number
HK0221P17;Current;2021;Scaridae;Handline;13;number
HK0221P17;Current;2021;Serranidae;Handline;4;number
HK0221P17;Current;2021;Siganus_sutor;Handline;11;number
HK0221P17;Current;2021;Lethrinidae;Handline;23;number
HK0221P16;Historical;1991;Siganus_sutor;Trap;34;number
HK0221P16;Historical;1991;Mullidae;Trap;55;number
HK0221P16;Historical;1991;Cheilio_inermis;Trap;15;number
HK0221P16;Historical;1991;Lethrinus_mahsena;Trap;32;number
HK0221P16;Historical;1991;Serranidae;Trap;10;number
HK0221P16;Historical;1991;Scaridae;Trap;40;number
HK0221P16;Current;2021;Siganus_sutor;Trap;12;number
HK0221P16;Current;2021;Mullidae;Trap;23;number
HK0221P16;Current;2021;Cheilio_inermis;Trap;3;number
HK0221P16;Current;2021;Lethrinus_mahsena;Trap;12;number
HK0221P16;Current;2021;Serranidae;Trap;3;number
HK0221P16;Current;2021;Scaridae;Trap;21;number
HK0220M15;Historical;1981;Serranidae;Trap;30;number
HK0220M15;Historical;1981;Labridae;Trap;32;number
HK0220M15;Historical;1981;Scaridae;Trap;52;number
HK0220M15;Historical;1981;Mullidae;Trap;53;number
HK0220M15;Historical;1981;Lethrinidae;Trap;40;number
HK0220M15;Historical;1981;Siganus_sutor;Trap;30;number
HK0220M15;Current;2021;Serranidae;Trap;11;number
HK0220M15;Current;2021;Labridae;Trap;13;number
HK0220M15;Current;2021;Scaridae;Trap;24;number
HK0220M15;Current;2021;Mullidae;Trap;26;number
HK0220M15;Current;2021;Lethrinidae;Trap;17;number
HK0220M15;Current;2021;Siganus_sutor;Trap;15;number
HK0220M14;Historical;2006;Labridae;Dragnet;46;number
HK0220M14;Historical;2006;Lethrinidae;Dragnet;55;number
HK0220M14;Historical;2006;Siganus_sutor;Dragnet;31;number
HK0220M14;Historical;2006;Balistidae;Dragnet;14;number
HK0220M14;Historical;2006;Mullidae;Dragnet;50;number
HK0220M14;Historical;2006;Scaridae;Dragnet;60;number
HK0220M14;Current;2021;Labridae;Dragnet;22;number
HK0220M14;Current;2021;Lethrinidae;Dragnet;25;number
HK0220M14;Current;2021;Siganus_sutor;Dragnet;13;number
HK0220M14;Current;2021;Balistidae;Dragnet;3;number
HK0220M14;Current;2021;Mullidae;Dragnet;27;number
HK0220M14;Current;2021;Scaridae;Dragnet;43;number
HK0220M13;Historical;2006;Skipjack_tuna;Gillnet/Handline;12;number
HK0220M13;Historical;2006;Ray;Gillnet/Handline;13;number
HK0220M13;Historical;2006;Lethrinus_mahsena;Gillnet/Handline;43;number
HK0220M13;Historical;2006;Mullidae;Gillnet/Handline;55;number
HK0220M13;Historical;2006;Lethrinus_lentjan;Gillnet/Handline;43;number
HK0220M13;Historical;2006;Siganus_sutor;Gillnet/Handline;36;number
HK0220M13;Current;2021;Skipjack_tuna;Gillnet/Handline;3;number
HK0220M13;Current;2021;Ray;Gillnet/Handline;4;number
HK0220M13;Current;2021;Lethrinus_mahsena;Gillnet/Handline;15;number
HK0220M13;Current;2021;Mullidae;Gillnet/Handline;36;number
HK0220M13;Current;2021;Lethrinus_lentjan;Gillnet/Handline;23;number
HK0220M13;Current;2021;Siganus_sutor;Gillnet/Handline;25;number
HK0220M12;Historical;2006;Skipjack_tuna;Gillnet/Trap;34;number
HK0220M12;Historical;2006;Mullidae;Gillnet/Trap;34;number
HK0220M12;Historical;2006;Lethrinus_lentjan;Gillnet/Trap;34;number
HK0220M12;Historical;2006;Lethrinus_variegatus;Gillnet/Trap;34;number
HK0220M12;Historical;2006;Siganus_sutor;Gillnet/Trap;34;number
HK0220M12;Current;2021;Skipjack_tuna;Gillnet/Trap;2;number
HK0220M12;Current;2021;Mullidae;Gillnet/Trap;26;number
HK0220M12;Current;2021;Lethrinus_lentjan;Gillnet/Trap;13;number
HK0220M12;Current;2021;Lethrinus_variegatus;Gillnet/Trap;31;number
HK0220M12;Current;2021;Siganus_sutor;Gillnet/Trap;23;number
HK0220M11;Historical;2001;Scaridae;Floatnet/Handline;NA;number
HK0220M11;Historical;2001;Mullidae;Floatnet/Handline;40;number
HK0220M11;Historical;2001;Yellowfin_tuna;Floatnet/Handline;5;number
HK0220M11;Historical;2001;Scomberomorus_commerson;Floatnet/Handline;3;number
HK0220M11;Historical;2001;Ray;Floatnet/Handline;11;number
HK0220M11;Historical;2001;Skipjack_tuna;Floatnet/Handline;4;number
HK0220M11;Historical;2001;Istiophoridae;Floatnet/Handline;4;number
HK0220M11;Current;2021;Scaridae;Floatnet/Handline;17;number
HK0220M11;Current;2021;Mullidae;Floatnet/Handline;20;number
HK0220M11;Current;2021;Yellowfin_tuna;Floatnet/Handline;2;number
HK0220M11;Current;2021;Scomberomorus_commerson;Floatnet/Handline;1;number
HK0220M11;Current;2021;Ray;Floatnet/Handline;3;number
HK0220M11;Current;2021;Skipjack_tuna;Floatnet/Handline;1;number
HK0220M11;Current;2021;Istiophoridae;Floatnet/Handline;1;number
HK0214C10;Historical;1998;Serranidae;Trap;9;kg
HK0214C10;Historical;1998;Siganus_sutor;Trap;12;kg
HK0214C10;Historical;1998;Mullidae;Trap;13;kg
HK0214C10;Historical;1998;Lethrinus_variegatus;Trap;9;kg
HK0214C10;Historical;1998;Lethrinus_mahsena;Trap;6;kg
HK0214C10;Historical;1998;Lethrinidae;Trap;7;kg
HK0214C10;Historical;1998;Labridae;Trap;8;kg
HK0214C10;Historical;1998;Scaridae;Trap;15;kg
HK0214C10;Current;2021;Serranidae;Trap;3;kg
HK0214C10;Current;2021;Siganus_sutor;Trap;6;kg
HK0214C10;Current;2021;Mullidae;Trap;6;kg
HK0214C10;Current;2021;Lethrinus_variegatus;Trap;3;kg
HK0214C10;Current;2021;Lethrinus_mahsena;Trap;2;kg
HK0214C10;Current;2021;Lethrinidae;Trap;3;kg
HK0214C10;Current;2021;Labridae;Trap;5;kg
HK0214C10;Current;2021;Scaridae;Trap;8;kg
HK0214C9;Historical;2006;Serranidae;Gillnet;6;kg
HK0214C9;Historical;2006;Squids;Gillnet;8;kg
HK0214C9;Historical;2006;Siganus_sutor;Gillnet;9;kg
HK0214C9;Historical;2006;Caesionidae;Gillnet;12;kg
HK0214C9;Historical;2006;Sphyraenidae;Gillnet;7;kg
HK0214C9;Historical;2006;Balistidae;Gillnet;5;kg
HK0214C9;Historical;2006;Scaridae;Gillnet;14;kg
HK0214C9;Historical;2006;Mullidae;Gillnet;12;kg
HK0214C9;Historical;2006;Lethrinidae;Gillnet;13;kg
HK0214C9;Current;2021;Serranidae;Gillnet;3;kg
HK0214C9;Current;2021;Squids;Gillnet;2;kg
HK0214C9;Current;2021;Siganus_sutor;Gillnet;5;kg
HK0214C9;Current;2021;Caesionidae;Gillnet;8;kg
HK0214C9;Current;2021;Sphyraenidae;Gillnet;3;kg
HK0214C9;Current;2021;Balistidae;Gillnet;2;kg
HK0214C9;Current;2021;Scaridae;Gillnet;7;kg
HK0214C9;Current;2021;Mullidae;Gillnet;7;kg
HK0214C9;Current;2021;Lethrinidae;Gillnet;8;kg
HK0214C8;Historical;1991;Serranidae;Trap/Dragnet;22;number
HK0214C8;Historical;1991;Lutjanus_argentimaculatus;Trap/Dragnet;15;number
HK0214C8;Historical;1991;Lethrinus_lentjan;Trap/Dragnet;14;number
HK0214C8;Historical;1991;Siganus_sutor;Trap/Dragnet;22;number
HK0214C8;Historical;1991;Mullidae;Trap/Dragnet;38;number
HK0214C8;Historical;1991;Acanthurus_spp;Trap/Dragnet;18;number
HK0214C8;Historical;1991;Lethrinus_mahsena;Trap/Dragnet;15;number
HK0214C8;Historical;1991;Leptoscarus_vaigiensis;Trap/Dragnet;35;number
HK0214C8;Historical;1991;Hipposcarus_harid;Trap/Dragnet;12;number
HK0214C8;Current;2021;Serranidae;Trap/Dragnet;4;number
HK0214C8;Current;2021;Lutjanus_argentimaculatus;Trap/Dragnet;3;number
HK0214C8;Current;2021;Lethrinus_lentjan;Trap/Dragnet;4;number
HK0214C8;Current;2021;Siganus_sutor;Trap/Dragnet;7;number
HK0214C8;Current;2021;Mullidae;Trap/Dragnet;17;number
HK0214C8;Current;2021;Acanthurus_spp;Trap/Dragnet;8;number
HK0214C8;Current;2021;Lethrinus_mahsena;Trap/Dragnet;5;number
HK0214C8;Current;2021;Leptoscarus_vaigiensis;Trap/Dragnet;12;number
HK0214C8;Current;2021;Hipposcarus_harid;Trap/Dragnet;4;number
HK0214C7;Historical;2006;Labridae;Trap;31;number
HK0214C7;Historical;2006;Acanthurus_spp;Handline/Trap;30;number
HK0214C7;Historical;2006;Mullidae;Trap;40;number
HK0214C7;Historical;2006;Balistidae;Handline/Trap;12;number
HK0214C7;Historical;2006;Siganus_sutor;Trap;36;number
HK0214C7;Historical;2006;Serranidae;Trap;13;number
HK0214C7;Historical;2006;Lethrinidae;Handline/Trap;26;number
HK0214C7;Current;2021;Labridae;Trap;9;number
HK0214C7;Current;2021;Acanthurus_spp;Handline/Trap;13;number
HK0214C7;Current;2021;Mullidae;Trap;23;number
HK0214C7;Current;2021;Balistidae;Handline/Trap;3;number
HK0214C7;Current;2021;Siganus_sutor;Trap;26;number
HK0214C7;Current;2021;Serranidae;Trap;5;number
HK0214C7;Current;2021;Lethrinidae;Handline/Trap;15;number
HK0214C6;Historical;2010;Diodontidae;Spear;9;number
HK0214C6;Historical;2010;Anguilliformes;Spear;15;number
HK0214C6;Historical;2010;Lutjanus_argentimaculatus;Spear;5;number
HK0214C6;Historical;2010;Crabs_Lobsters;Spear;4;number
HK0214C6;Historical;2010;Octopus;Spear;16;number
HK0214C6;Historical;2010;Squids;Spear;10;number
HK0214C6;Historical;2010;Serranidae;Spear;6;number
HK0214C6;Current;2021;Diodontidae;Spear;2;number
HK0214C6;Current;2021;Anguilliformes;Spear;4;number
HK0214C6;Current;2021;Lutjanus_argentimaculatus;Spear;1;number
HK0214C6;Current;2021;Crabs_Lobsters;Spear;1;number
HK0214C6;Current;2021;Octopus;Spear;8;number
HK0214C6;Current;2021;Squids;Spear;4;number
HK0214C6;Current;2021;Serranidae;Spear;2;number
HK0213U5;Historical;2010;Balistidae;Spear;6;number
HK0213U5;Historical;2010;Diodontidae;Spear;17;number
HK0213U5;Historical;2010;Carangidae;Spear;11;number
HK0213U5;Historical;2010;Siganus_sutor;Spear;9;number
HK0213U5;Historical;2010;Scaridae;Spear;9;number
HK0213U5;Historical;2010;Ray;Spear;10;number
HK0213U5;Historical;2010;Octopus;Spear;14;number
HK0213U5;Historical;2010;Plectorhinchus_spp;Spear;6;number
HK0213U5;Current;2021;Balistidae;Spear;1;number
HK0213U5;Current;2021;Diodontidae;Spear;4;number
HK0213U5;Current;2021;Carangidae;Spear;3;number
HK0213U5;Current;2021;Siganus_sutor;Spear;2;number
HK0213U5;Current;2021;Scaridae;Spear;3;number
HK0213U5;Current;2021;Ray;Spear;2;number
HK0213U5;Current;2021;Octopus;Spear;6;number
HK0213U5;Current;2021;Plectorhinchus_spp;Spear;2;number
HK0213U4;Historical;2004;Ray;Gillnet;7;number
HK0213U4;Historical;2004;Carangidae;Gillnet;7;number
HK0213U4;Historical;2004;Crabs_Lobsters;Gillnet;5;number
HK0213U4;Historical;2004;Carcharhinidae;Gillnet;6;number
HK0213U4;Current;2021;Ray;Gillnet;2;number
HK0213U4;Current;2021;Carangidae;Gillnet;1;number
HK0213U4;Current;2021;Crabs_Lobsters;Gillnet;1;number
HK0213U4;Current;2021;Carcharhinidae;Gillnet;2;number
HK0213U3;Historical;1986;Squids;Gillnet/Handline;4;kg
HK0213U3;Historical;1986;Lutjanidae;Gillnet/Handline;5;kg
HK0213U3;Historical;1986;Siganus_sutor;Gillnet/Handline;15;kg
HK0213U3;Historical;1986;Lethrinidae;Gillnet/Handline;4;kg
HK0213U3;Historical;1986;Labridae;Gillnet/Handline;5;kg
HK0213U3;Historical;1986;Scaridae;Gillnet/Handline;7;kg
HK0213U3;Historical;1986;Mullidae;Gillnet/Handline;9;kg
HK0213U3;Current;2021;Squids;Gillnet/Handline;2;kg
HK0213U3;Current;2021;Lutjanidae;Gillnet/Handline;3;kg
HK0213U3;Current;2021;Siganus_sutor;Gillnet/Handline;10;kg
HK0213U3;Current;2021;Lethrinidae;Gillnet/Handline;1;kg
HK0213U3;Current;2021;Labridae;Gillnet/Handline;2;kg
HK0213U3;Current;2021;Scaridae;Gillnet/Handline;3;kg
HK0213U3;Current;2021;Mullidae;Gillnet/Handline;6;kg
HK0213U2;Historical;2001;Skipjack_tuna;Handline;6;kg
HK0213U2;Historical;2001;Scomberomorus_commerson;Handline;5;kg
HK0213U2;Historical;2001;Yellowfin_tuna;Handline;4;kg
HK0213U2;Historical;2001;Cheilio_inermis;Handline;7;kg
HK0213U2;Historical;2001;Lethrinus_variegatus;Handline;6;kg
HK0213U2;Historical;2001;Lethrinus_mahsena;Handline;8;kg
HK0213U2;Historical;2001;Lethrinus_lentjan;Handline;6;kg
HK0213U2;Current;2021;Skipjack_tuna;Handline;1;kg
HK0213U2;Current;2021;Scomberomorus_commerson;Handline;1;kg
HK0213U2;Current;2021;Yellowfin_tuna;Handline;1;kg
HK0213U2;Current;2021;Cheilio_inermis;Handline;2;kg
HK0213U2;Current;2021;Lethrinus_variegatus;Handline;3;kg
HK0213U2;Current;2021;Lethrinus_mahsena;Handline;3;kg
HK0213U2;Current;2021;Lethrinus_lentjan;Handline;3;kg
HK0213U1;Historical;1996;Lutjanus_argentimaculatus;Longline;9;number
HK0213U1;Historical;1996;Lutjanus_sebae;Longline;9;number
HK0213U1;Historical;1996;Rachycentridae;Longline;8;number
HK0213U1;Historical;1996;Serranidae;Longline;9;number
HK0213U1;Historical;1996;Lethrinidae;Longline;30;number
HK0213U1;Historical;1996;Carangidae;Longline;6;number
HK0213U1;Current;2021;Lutjanus_argentimaculatus;Longline;6;number
HK0213U1;Current;2021;Lutjanus_sebae;Longline;7;number
HK0213U1;Current;2021;Rachycentridae;Longline;12;number
HK0213U1;Current;2021;Serranidae;Longline;5;number
HK0213U1;Current;2021;Lethrinidae;Longline;3;number
HK0213U1;Current;2021;Carangidae;Longline;16;number
NS0221P20;Historical;1971;Squids;Handline;3;rope
NS0221P20;Historical;1971;Lethrinus_variegatus;Handline;2;rope
NS0221P20;Historical;1971;Lethrinus_borbonicus;Handline;4;rope
NS0221P20;Historical;1971;Siganus_sutor;Handline;2;rope
NS0221P20;Current;2021;Squids;Handline;0.5;rope
NS0221P20;Current;2021;Lethrinus_variegatus;Handline;0.5;rope
NS0221P20;Current;2021;Lethrinus_borbonicus;Handline;0.5;rope
NS0221P20;Current;2021;Siganus_sutor;Handline;0.5;rope
NS0221P19;Historical;1991;Lutjanus_fulviflamma;Trap;30;number
NS0221P19;Historical;1991;Lethrinus_mahsena;Trap;30;number
NS0221P19;Historical;1991;Lethrinus_variegatus;Trap;30;number
NS0221P19;Historical;1991;Lethrinus_harak;Trap;45;number
NS0221P19;Historical;1991;Lethrinus_borbonicus;Trap;30;number
NS0221P19;Historical;1991;Lethrinus_lentjan;Trap;30;number
NS0221P19;Current;2021;Lutjanus_fulviflamma;Trap;15;number
NS0221P19;Current;2021;Lethrinus_mahsena;Trap;10;number
NS0221P19;Current;2021;Lethrinus_variegatus;Trap;10;number
NS0221P19;Current;2021;Lethrinus_harak;Trap;10;number
NS0221P19;Current;2021;Lethrinus_borbonicus;Trap;20;number
NS0221P19;Current;2021;Lethrinus_lentjan;Trap;30;number
NS0221P18;Historical;1991;Lutjanus_sebae;Handline;80;number
NS0221P18;Historical;1991;Serranidae;Handline;5;number
NS0221P18;Historical;1991;Lethrinus_lentjan;Handline;4;rope
NS0221P18;Historical;1991;Siganus_sutor;Handline;4;rope
NS0221P18;Current;2021;Lutjanus_sebae;Handline;20;number
NS0221P18;Current;2021;Serranidae;Handline;2;number
NS0221P18;Current;2021;Lethrinus_lentjan;Handline;2;rope
NS0221P18;Current;2021;Siganus_sutor;Handline;1;rope
NS0221P17;Historical;1972;Acanthurus_spp;Trap;5;rope
NS0221P17;Historical;1972;Plectorhinchus_gibbosus;Trap;12;rope
NS0221P17;Historical;1972;Leptoscarus_vaigiensis;Trap;7;rope
NS0221P17;Historical;1972;Hipposcarus_harid;Trap;3;rope
NS0221P17;Historical;1972;Scarus_ghobban;Trap;4;rope
NS0221P17;Historical;1972;Lutjanus_fulviflamma;Trap;15;rope
NS0221P17;Historical;1972;Monodactylus_argenteus;Trap;25;rope
NS0221P17;Historical;1972;Lethrinus_mahsena;Trap;20;rope
NS0221P17;Historical;1972;Lethrinus_harak;Trap;10;rope
NS0221P17;Historical;1972;Lethrinus_borbonicus;Trap;5;rope
NS0221P17;Historical;1972;Lethrinus_lentjan;Trap;6;rope
NS0221P17;Historical;1972;Siganus_sutor;Trap;5;rope
NS0221P17;Current;2021;Acanthurus_spp;Trap;5;rope
NS0221P17;Current;2021;Plectorhinchus_gibbosus;Trap;4;rope
NS0221P17;Current;2021;Leptoscarus_vaigiensis;Trap;4;rope
NS0221P17;Current;2021;Hipposcarus_harid;Trap;1;rope
NS0221P17;Current;2021;Scarus_ghobban;Trap;2;rope
NS0221P17;Current;2021;Lutjanus_fulviflamma;Trap;6;rope
NS0221P17;Current;2021;Monodactylus_argenteus;Trap;10;rope
NS0221P17;Current;2021;Lethrinus_mahsena;Trap;12;rope
NS0221P17;Current;2021;Lethrinus_harak;Trap;7;rope
NS0221P17;Current;2021;Lethrinus_borbonicus;Trap;2;rope
NS0221P17;Current;2021;Lethrinus_lentjan;Trap;3;rope
NS0221P17;Current;2021;Siganus_sutor;Trap;3;rope
NS0221P16;Historical;1991;Octopus;Spear;4;rope
NS0221P16;Historical;1991;Siganus_sutor;Handline;4;rope
NS0221P16;Current;2021;Octopus;Spear;0.5;rope
NS0221P16;Current;2021;Siganus_sutor;Handline;2;rope
NS0220M15;Historical;2001;Tuna;Gillnet;15;number
NS0220M15;Historical;2001;Rhinobatidae;Gillnet;30;number
NS0220M15;Historical;2001;Istiophoridae;Gillnet;20;number
NS0220M15;Historical;2001;Balistidae;Trap;1;rope
NS0220M15;Historical;2001;Acanthurus_spp;Trap;2.5;rope
NS0220M15;Historical;2001;Plectorhinchus_gibbosus;Trap;2.5;rope
NS0220M15;Historical;2001;Leptoscarus_vaigiensis;Trap;6;rope
NS0220M15;Historical;2001;Hipposcarus_harid;Trap;3;rope
NS0220M15;Historical;2001;Scarus_ghobban;Trap;3;rope
NS0220M15;Historical;2001;Lutjanus_fulviflamma;Trap;5;rope
NS0220M15;Historical;2001;Lethrinus_mahsena;Trap;6;rope
NS0220M15;Historical;2001;Lethrinus_lentjan;Trap;5;rope
NS0220M15;Historical;2001;Siganus_sutor;Trap;7;rope
NS0220M15;Current;2021;Tuna;Gillnet;4;number
NS0220M15;Current;2021;Rhinobatidae;Gillnet;1;number
NS0220M15;Current;2021;Istiophoridae;Gillnet;2;number
NS0220M15;Current;2021;Balistidae;Trap;0.5;rope
NS0220M15;Current;2021;Acanthurus_spp;Trap;0.5;rope
NS0220M15;Current;2021;Plectorhinchus_gibbosus;Trap;0.5;rope
NS0220M15;Current;2021;Leptoscarus_vaigiensis;Trap;0.5;rope
NS0220M15;Current;2021;Hipposcarus_harid;Trap;0.5;rope
NS0220M15;Current;2021;Scarus_ghobban;Trap;0.5;rope
NS0220M15;Current;2021;Lutjanus_fulviflamma;Trap;0.5;rope
NS0220M15;Current;2021;Lethrinus_mahsena;Trap;0.5;rope
NS0220M15;Current;2021;Lethrinus_lentjan;Trap;1;rope
NS0220M15;Current;2021;Siganus_sutor;Trap;1;rope
NS0220M14;Historical;2001;Istiophoridae;Gillnet;7;number
NS0220M14;Historical;2001;Hipposcarus_harid;Trap;2;rope
NS0220M14;Historical;2001;Scarus_ghobban;Trap;2;rope
NS0220M14;Historical;2001;Lethrinus_mahsena;Trap;2;rope
NS0220M14;Historical;2001;Lethrinus_lentjan;Trap;2;rope
NS0220M14;Historical;2001;Siganus_sutor;Trap;3;rope
NS0220M14;Current;2021;Istiophoridae;Gillnet;6;number
NS0220M14;Current;2021;Hipposcarus_harid;Trap;1;rope
NS0220M14;Current;2021;Scarus_ghobban;Trap;1;rope
NS0220M14;Current;2021;Lethrinus_mahsena;Trap;4;rope
NS0220M14;Current;2021;Lethrinus_lentjan;Trap;4;rope
NS0220M14;Current;2021;Siganus_sutor;Trap;6;rope
NS0220M13;Historical;2011;Rhinobatidae;Trap;3;number
NS0220M13;Historical;2011;Anguilliformes;Trap;1;rope
NS0220M13;Historical;2011;Caesionidae;Trap;2;rope
NS0220M13;Historical;2011;Belonidae;Gillnet;50;number
NS0220M13;Historical;2011;Mugilidae;Gillnet;50;number
NS0220M13;Historical;2011;Mullidae;Trap;1;rope
NS0220M13;Historical;2011;Leptoscarus_vaigiensis;Trap;5;rope
NS0220M13;Historical;2011;Scarus_ghobban;Trap;3;rope
NS0220M13;Historical;2011;Lethrinus_mahsena;Trap;4;rope
NS0220M13;Historical;2011;Lethrinus_harak;Trap;4;rope
NS0220M13;Historical;2011;Lethrinus_lentjan;Trap;4;rope
NS0220M13;Historical;2011;Siganus_sutor;Trap;10;rope
NS0220M13;Current;2021;Rhinobatidae;Trap;1;number
NS0220M13;Current;2021;Anguilliformes;Trap;1;number
NS0220M13;Current;2021;Caesionidae;Trap;1.5;rope
NS0220M13;Current;2021;Belonidae;Gillnet;50;number
NS0220M13;Current;2021;Mugilidae;Gillnet;30;number
NS0220M13;Current;2021;Mullidae;Trap;1;rope
NS0220M13;Current;2021;Leptoscarus_vaigiensis;Trap;3;rope
NS0220M13;Current;2021;Scarus_ghobban;Trap;4;rope
NS0220M13;Current;2021;Lethrinus_mahsena;Trap;3;rope
NS0220M13;Current;2021;Lethrinus_harak;Trap;2;rope
NS0220M13;Current;2021;Lethrinus_lentjan;Trap;2;rope
NS0220M13;Current;2021;Siganus_sutor;Trap;6;rope
NS0220M12;Historical;1996;Siganus_sutor;Handline;2;rope
NS0220M12;Current;2021;Siganus_sutor;Handline;1;rope
NS0220M11;Historical;2009;Snails;Spear;200;number
NS0220M11;Historical;2009;Crabs;Spear;20;number
NS0220M11;Historical;2009;Squids;Spear;2;rope
NS0220M11;Historical;2009;Octopus;Spear;4;rope
NS0220M11;Historical;2009;Anguilliformes;Spear;5;rope
NS0220M11;Current;2021;Snails;Spear;80;number
NS0220M11;Current;2021;Crabs;Spear;20;number
NS0220M11;Current;2021;Squids;Spear;2;rope
NS0220M11;Current;2021;Octopus;Spear;3;rope
NS0220M11;Current;2021;Anguilliformes;Spear;5;rope
NS0214C10;Historical;2018;Plotosidae;Spear;NA;NA
NS0214C10;Historical;2018;Crabs_Lobsters;Spear;NA;NA
NS0214C10;Historical;2018;Octopus;Spear;NA;NA
NS0214C10;Current;2021;Plotosidae;Spear;5;bucket
NS0214C10;Current;2021;Crabs_Lobsters;Spear;50;number
NS0214C10;Current;2021;Octopus;Spear;3;rope
NS0214C9;Historical;2001;Chirocentridae;Dragnet;NA;NA
NS0214C9;Historical;2001;Lethrinus_harak;Dragnet;NA;NA
NS0214C9;Historical;2001;Lethrinus_borbonicus;Dragnet;30;rope
NS0214C9;Historical;2001;Siganus_sutor;Dragnet;30;rope
NS0214C9;Current;2021;Chirocentridae;Dragnet;15;rope
NS0214C9;Current;2021;Lethrinus_harak;Dragnet;9;rope
NS0214C9;Current;2021;Lethrinus_borbonicus;Dragnet;7;rope
NS0214C9;Current;2021;Siganus_sutor;Dragnet;3;rope
NS0214C8;Historical;2017;Squids;Handline;NA;NA
NS0214C8;Current;2021;Squids;Handline;2;rope
NS0214C7;Historical;2011;Anguilliformes;Spear;6;rope
NS0214C7;Historical;2011;Lethrinus_harak;Dragnet;20;rope
NS0214C7;Historical;2011;Lethrinus_lentjan;Dragnet;8;rope
NS0214C7;Current;2021;Anguilliformes;Spear;3;rope
NS0214C7;Current;2021;Lethrinus_harak;Dragnet;20;rope
NS0214C7;Current;2021;Lethrinus_lentjan;Dragnet;8;rope
NS0214C6;Historical;2011;Skipjack_tuna;Gillnet;15;number
NS0214C6;Historical;2011;Tuna;Gillnet;20;number
NS0214C6;Historical;2011;Istiophoridae;Gillnet;10;number
NS0214C6;Current;2021;Skipjack_tuna;Gillnet;5;number
NS0214C6;Current;2021;Tuna;Gillnet;6;number
NS0214C6;Current;2021;Istiophoridae;Gillnet;5;number
NS0213U5;Historical;2015;Balistidae;Handline;4;rope
NS0213U5;Historical;2015;Lethrinus_variegatus;Handline;6;rope
NS0213U5;Current;2021;Balistidae;Handline;3;rope
NS0213U5;Current;2021;Lethrinus_variegatus;Handline;3;rope
NS0213U4;Historical;2015;Octopus;Handline;2;rope
NS0213U4;Historical;2015;Squids;Handline;12;kg
NS0213U4;Current;2021;Octopus;Handline;1;rope
NS0213U4;Current;2021;Squids;Handline;5;kg
NS0213U3;Historical;2006;Carangidae;Handline;3;number
NS0213U3;Historical;2006;Squids;Handline;25;number
NS0213U3;Historical;2006;Lethrinus_harak;Handline;2;number
NS0213U3;Historical;2006;Lethrinus_borbonicus;Handline;2;rope
NS0213U3;Historical;2006;Siganus_sutor;Handline;2;rope
NS0213U3;Current;2021;Carangidae;Handline;5;number
NS0213U3;Current;2021;Squids;Handline;20;number
NS0213U3;Current;2021;Lethrinus_harak;Handline;3;number
NS0213U3;Current;2021;Lethrinus_borbonicus;Handline;2;rope
NS0213U3;Current;2021;Siganus_sutor;Handline;2;rope
NS0213U2;Historical;1970;Vibua;Dragnet;40;bucket
NS0213U2;Historical;1970;Squids;Dragnet;7;rope
NS0213U2;Historical;1970;Caesionidae;Dragnet;18;rope
NS0213U2;Historical;1970;Sphyraenidae;Dragnet;18;rope
NS0213U2;Historical;1970;Chirocentridae;Dragnet;8;rope
NS0213U2;Historical;1970;Mullidae;Dragnet;6;rope
NS0213U2;Historical;1970;Hipposcarus_harid;Dragnet;6;rope
NS0213U2;Historical;1970;Monodactylus_argenteus;Dragnet;28;number
NS0213U2;Historical;1970;Lethrinus_mahsena;Dragnet;15;rope
NS0213U2;Historical;1970;Lethrinus_harak;Dragnet;13;rope
NS0213U2;Historical;1970;Siganus_sutor;Dragnet;25;rope
NS0213U2;Current;2021;Vibua;Dragnet;65;bucket
NS0213U2;Current;2021;Squids;Dragnet;6.5;rope
NS0213U2;Current;2021;Caesionidae;Dragnet;11.5;rope
NS0213U2;Current;2021;Sphyraenidae;Dragnet;15;rope
NS0213U2;Current;2021;Chirocentridae;Dragnet;6.5;rope
NS0213U2;Current;2021;Mullidae;Dragnet;5;rope
NS0213U2;Current;2021;Hipposcarus_harid;Dragnet;2.5;rope
NS0213U2;Current;2021;Monodactylus_argenteus;Dragnet;17.5;number
NS0213U2;Current;2021;Lethrinus_mahsena;Dragnet;8.5;rope
NS0213U2;Current;2021;Lethrinus_harak;Dragnet;9;rope
NS0213U2;Current;2021;Siganus_sutor;Dragnet;7;rope
NS0213U1;Historical;2014;Taa_shambi;Gillnet;4;number
NS0213U1;Current;2021;Taa_shambi;Gillnet;2;number
OH0221P20;Historical;1984;Lethrinus_harak;Handline;300;number
OH0221P20;Historical;1984;Lethrinus_lentjan;Handline;300;number
OH0221P20;Historical;1984;Siganus_sutor;Trap;200;number
OH0221P20;Current;2021;Lethrinus_harak;Handline;20;number
OH0221P20;Current;2021;Lethrinus_lentjan;Handline;20;number
OH0221P20;Current;2021;Siganus_sutor;Trap;15;number
OH0221P19;Historical;1971;Lethrinus_mahsena;Handline;100;number
OH0221P19;Historical;1971;Balistidae;Handline;30;number
OH0221P19;Historical;1971;Anguilliformes;Handline;15;number
OH0221P19;Historical;1971;Squids;Handline;30;number
OH0221P19;Historical;1971;Scarus_ghobban;Handline;50;number
OH0221P19;Historical;1971;Siganus_sutor;Handline;150;number
OH0221P19;Historical;1971;Lutjanus_fulviflamma;Handline;25;number
OH0221P19;Current;2021;Lethrinus_mahsena;Handline;20;number
OH0221P19;Current;2021;Balistidae;Handline;6;number
OH0221P19;Current;2021;Anguilliformes;Handline;4;number
OH0221P19;Current;2021;Squids;Handline;8;number
OH0221P19;Current;2021;Scarus_ghobban;Handline;3;number
OH0221P19;Current;2021;Siganus_sutor;Handline;30;number
OH0221P19;Current;2021;Lutjanus_fulviflamma;Handline;2;number
OH0221P18;Historical;2005;Lethrinus_mahsena;Dragnet;700;number
OH0221P18;Historical;2005;Mullidae;Dragnet;400;number
OH0221P18;Historical;2005;Siganus_sutor;Dragnet;500;number
OH0221P18;Historical;2005;Lethrinus_lentjan;Dragnet;800;number
OH0221P18;Historical;2005;Lethrinus_harak;Dragnet;600;number
OH0221P18;Current;2021;Lethrinus_mahsena;Dragnet;300;number
OH0221P18;Current;2021;Mullidae;Dragnet;80;number
OH0221P18;Current;2021;Siganus_sutor;Dragnet;200;number
OH0221P18;Current;2021;Lethrinus_lentjan;Dragnet;100;number
OH0221P18;Current;2021;Lethrinus_harak;Dragnet;70;number
OH0221P17;Historical;1993;Lutjanus_fulviflamma;Dragnet;176;number
OH0221P17;Historical;1993;Acanthurus_spp;Dragnet;132;number
OH0221P17;Historical;1993;Scarus_ghobban;Dragnet;88;number
OH0221P17;Historical;1993;Mullidae;Dragnet;176;number
OH0221P17;Historical;1993;Siganus_sutor;Dragnet;66;number
OH0221P17;Historical;1993;Lethrinus_harak;Dragnet;220;number
OH0221P17;Current;2021;Lutjanus_fulviflamma;Dragnet;22;number
OH0221P17;Current;2021;Acanthurus_spp;Dragnet;10;number
OH0221P17;Current;2021;Scarus_ghobban;Dragnet;10;number
OH0221P17;Current;2021;Mullidae;Dragnet;44;number
OH0221P17;Current;2021;Siganus_sutor;Dragnet;22;number
OH0221P17;Current;2021;Lethrinus_harak;Dragnet;64;number
OH0221P16;Historical;1976;Anguilliformes;Spear;10;number
OH0221P16;Historical;1976;Octopus;Spear;50;number
OH0221P16;Current;2021;Anguilliformes;Spear;2;number
OH0221P16;Current;2021;Octopus;Spear;6;number
OH0220M15;Historical;1991;Lobsters;Spear;17;number
OH0220M15;Historical;1991;Crabs;Spear;25;number
OH0220M15;Historical;1991;Squids;Spear;15;number
OH0220M15;Historical;1991;Octopus;Spear;15;number
OH0220M15;Historical;1991;Anguilliformes;Spear;20;number
OH0220M15;Current;2021;Lobsters;Spear;1;number
OH0220M15;Current;2021;Crabs;Spear;10;number
OH0220M15;Current;2021;Squids;Spear;2;number
OH0220M15;Current;2021;Octopus;Spear;4;number
OH0220M15;Current;2021;Anguilliformes;Spear;4;number
OH0220M14;Historical;2001;Siganus_sutor;Trap;30;number
OH0220M14;Historical;2001;Scarus_ghobban;Trap;100;number
OH0220M14;Historical;2001;Hipposcarus_harid;Trap;50;number
OH0220M14;Historical;2001;Leptoscarus_vaigiensis;Trap;300;number
OH0220M14;Historical;2001;Lethrinus_mahsena;Handline;200;number
OH0220M14;Historical;2001;Lethrinus_harak;Handline;150;number
OH0220M14;Historical;2001;Lutjanus_fulviflamma;Handline;200;number
OH0220M14;Historical;2001;Lethrinus_variegatus;Handline;300;number
OH0220M14;Historical;2001;Lethrinus_borbonicus;Handline;400;number
OH0220M14;Historical;2001;Lethrinus_lentjan;Handline;200;number
OH0220M14;Current;2021;Siganus_sutor;Trap;30;number
OH0220M14;Current;2021;Scarus_ghobban;Trap;100;number
OH0220M14;Current;2021;Hipposcarus_harid;Trap;30;number
OH0220M14;Current;2021;Leptoscarus_vaigiensis;Trap;150;number
OH0220M14;Current;2021;Lethrinus_mahsena;Handline;100;number
OH0220M14;Current;2021;Lethrinus_harak;Handline;50;number
OH0220M14;Current;2021;Lutjanus_fulviflamma;Handline;50;number
OH0220M14;Current;2021;Lethrinus_variegatus;Handline;200;number
OH0220M14;Current;2021;Lethrinus_borbonicus;Handline;300;number
OH0220M14;Current;2021;Lethrinus_lentjan;Handline;200;number
OH0220M13;Historical;2011;Lethrinus_mahsena;Trap;200;number
OH0220M13;Historical;2011;Lethrinus_lentjan;Trap;10;number
OH0220M13;Historical;2011;Scarus_ghobban;Trap;10;number
OH0220M13;Historical;2011;Mullidae;Trap;70;number
OH0220M13;Historical;2011;Siganus_sutor;Trap;400;number
OH0220M13;Current;2021;Lethrinus_mahsena;Trap;80;number
OH0220M13;Current;2021;Lethrinus_lentjan;Trap;8;number
OH0220M13;Current;2021;Scarus_ghobban;Trap;5;number
OH0220M13;Current;2021;Mullidae;Trap;50;number
OH0220M13;Current;2021;Siganus_sutor;Trap;100;number
OH0220M12;Historical;1991;Scarus_ghobban;Trap;400;number
OH0220M12;Historical;1991;Lethrinus_mahsena;Trap;600;number
OH0220M12;Historical;1991;Lethrinus_lentjan;Trap;600;number
OH0220M12;Historical;1991;Mullidae;Trap;200;number
OH0220M12;Historical;1991;Siganus_sutor;Trap;600;number
OH0220M12;Current;2021;Scarus_ghobban;Trap;100;number
OH0220M12;Current;2021;Lethrinus_mahsena;Trap;100;number
OH0220M12;Current;2021;Lethrinus_lentjan;Trap;200;number
OH0220M12;Current;2021;Mullidae;Trap;80;number
OH0220M12;Current;2021;Siganus_sutor;Trap;200;number
OH0220M11;Historical;2011;Lethrinus_lentjan;Handline;20;number
OH0220M11;Historical;2011;Lutjanus_fulviflamma;Handline;50;number
OH0220M11;Historical;2011;Lethrinus_harak;Handline;30;number
OH0220M11;Historical;2011;Lethrinus_borbonicus;Handline;150;number
OH0220M11;Historical;2011;Lethrinus_variegatus;Handline;100;number
OH0220M11;Current;2021;Lethrinus_lentjan;Handline;10;number
OH0220M11;Current;2021;Lutjanus_fulviflamma;Handline;20;number
OH0220M11;Current;2021;Lethrinus_harak;Handline;10;number
OH0220M11;Current;2021;Lethrinus_borbonicus;Handline;50;number
OH0220M11;Current;2021;Lethrinus_variegatus;Handline;20;number
OH0214C10;Historical;2014;Squids;Handline;20;number
OH0214C10;Current;2021;Squids;Handline;20;number
OH0214C9;Historical;1995;Lutjanus_fulviflamma;Trap;100;number
OH0214C9;Historical;1995;Lethrinus_lentjan;Trap;100;number
OH0214C9;Historical;1995;Siganus_sutor;Trap;300;number
OH0214C9;Historical;1995;Mullidae;Trap;200;number
OH0214C9;Historical;1995;Leptoscarus_vaigiensis;Trap;200;number
OH0214C9;Current;2021;Lutjanus_fulviflamma;Trap;10;number
OH0214C9;Current;2021;Lethrinus_lentjan;Trap;15;number
OH0214C9;Current;2021;Siganus_sutor;Trap;15;number
OH0214C9;Current;2021;Mullidae;Trap;60;number
OH0214C9;Current;2021;Leptoscarus_vaigiensis;Trap;80;number
OH0214C8;Historical;2000;Leptoscarus_vaigiensis;Dragnet;500;number
OH0214C8;Historical;2000;Siganus_sutor;Dragnet;400;number
OH0214C8;Historical;2000;Lethrinus_mahsena;Dragnet;300;number
OH0214C8;Historical;2000;Lethrinus_lentjan;Dragnet;300;number
OH0214C8;Historical;2000;Lutjanus_fulviflamma;Dragnet;500;number
OH0214C8;Historical;2000;Lethrinus_harak;Dragnet;400;number
OH0214C8;Current;2021;Leptoscarus_vaigiensis;Dragnet;200;number
OH0214C8;Current;2021;Siganus_sutor;Dragnet;90;number
OH0214C8;Current;2021;Lethrinus_mahsena;Dragnet;300;number
OH0214C8;Current;2021;Lethrinus_lentjan;Dragnet;100;number
OH0214C8;Current;2021;Lutjanus_fulviflamma;Dragnet;40;number
OH0214C8;Current;2021;Lethrinus_harak;Dragnet;100;number
OH0214C7;Historical;2001;Squids;Longline;200;number
OH0214C7;Historical;2001;Octopus;Longline;60;number
OH0214C7;Current;2021;Squids;Longline;70;number
OH0214C7;Current;2021;Octopus;Longline;20;number
OH0214C6;Historical;2014;Mugilidae;Dragnet;1500;number
OH0214C6;Historical;2014;Lutjanus_fulviflamma;Dragnet;550;number
OH0214C6;Historical;2014;Lethrinus_lentjan;Dragnet;500;number
OH0214C6;Historical;2014;Squids;Dragnet;100;number
OH0214C6;Historical;2014;Acanthurus_spp;Dragnet;700;number
OH0214C6;Historical;2014;Siganus_sutor;Dragnet;700;number
OH0214C6;Historical;2014;Lethrinus_harak;Dragnet;1000;number
OH0214C6;Current;2021;Mugilidae;Dragnet;150;number
OH0214C6;Current;2021;Lutjanus_fulviflamma;Dragnet;100;number
OH0214C6;Current;2021;Lethrinus_lentjan;Dragnet;200;number
OH0214C6;Current;2021;Squids;Dragnet;50;number
OH0214C6;Current;2021;Acanthurus_spp;Dragnet;700;number
OH0214C6;Current;2021;Siganus_stellatus;Dragnet;300;number
OH0214C6;Current;2021;Lethrinus_harak;Dragnet;300;number
OH0213U5;Historical;1976;Anguilliformes;Spear;20;number
OH0213U5;Historical;1976;Octopus;Spear;40;number
OH0213U5;Current;2021;Anguilliformes;Spear;2;number
OH0213U5;Current;2021;Octopus;Spear;8;number
OH0213U4;Historical;2004;Diodontidae;Spear;30;number
OH0213U4;Historical;2004;Kyphosidae;Spear;7;number
OH0213U4;Historical;2004;Kyphosidae;Spear;10;number
OH0213U4;Historical;2004;Scarus_ghobban;Spear;25;number
OH0213U4;Historical;2004;Plectorhinchus_gaterinus;Spear;50;number
OH0213U4;Historical;2004;Acanthurus_spp;Spear;20;number
OH0213U4;Historical;2004;Plectorhinchus_gibbosus;Spear;20;number
OH0213U4;Historical;2004;Crabs_Lobsters;Spear;7;number
OH0213U4;Historical;2004;Anguilliformes;Spear;20;number
OH0213U4;Historical;2004;Octopus;Spear;20;number
OH0213U4;Current;2021;Diodontidae;Spear;3;number
OH0213U4;Current;2021;Kyphosidae;Spear;5;number
OH0213U4;Current;2021;Plectorhinchus_gibbosus;Spear;10;number
OH0213U4;Current;2021;Scarus_ghobban;Spear;10;number
OH0213U4;Current;2021;Plectorhinchus_gaterinus;Spear;20;number
OH0213U4;Current;2021;Acanthurus_spp;Spear;3;number
OH0213U4;Current;2021;Plectorhinchus_gibbosus;Spear;13;number
OH0213U4;Current;2021;Crabs_Lobsters;Spear;7;number
OH0213U4;Current;2021;Anguilliformes;Spear;2;number
OH0213U4;Current;2021;Octopus;Spear;5;number
OH0213U3;Historical;1971;Lethrinus_harak;Floatnet;900;number
OH0213U3;Historical;1971;Lethrinus_mahsena;Floatnet;900;number
OH0213U3;Current;2021;Lethrinus_harak;Floatnet;360;number
OH0213U3;Current;2021;Lethrinus_mahsena;Floatnet;360;number
OH0213U2;Historical;2001;Sphyraenidae;Handline;20;number
OH0213U2;Historical;2001;Serranidae;Handline;18;number
OH0213U2;Historical;2001;Lutjanus_fulviflamma;Handline;8;number
OH0213U2;Historical;2001;Carangidae;Handline;15;number
OH0213U2;Current;2021;Sphyraenidae;Handline;3;number
OH0213U2;Current;2021;Serranidae;Handline;1;number
OH0213U2;Current;2021;Lutjanus_fulviflamma;Handline;3;number
OH0213U2;Current;2021;Carangidae;Handline;5;number
OH0213U1;Historical;1971;Acanthurus_spp;Spear;4;number
OH0213U1;Historical;1971;Scarus_ghobban;Spear;8;number
OH0213U1;Historical;1971;Mullidae;Spear;10;number
OH0213U1;Historical;1971;Anguilliformes;Spear;15;number
OH0213U1;Historical;1971;Squids;Spear;40;number
OH0213U1;Historical;1971;Octopus;Spear;40;number
OH0213U1;Historical;1971;Plectorhinchus_gibbosus;Spear;50;number
OH0213U1;Current;2021;Acanthurus_spp;Spear;1;number
OH0213U1;Current;2021;Scarus_ghobban;Spear;3;number
OH0213U1;Current;2021;Mullidae;Spear;3;number
OH0213U1;Current;2021;Anguilliformes;Spear;5;number
OH0213U1;Current;2021;Squids;Spear;30;number
OH0213U1;Current;2021;Octopus;Spear;10;number
OH0213U1;Current;2021;Plectorhinchus_gibbosus;Spear;10;number
